"ประทับเวลา","จักรยานเสือภูเขา","คอลลาเจน","Brownie อวกาศ","แม่โขง","Botox","กัญชา","กัญชง","เครื่องวัดความดัน","หลอดไฟเปลี่ยนสีได้","คอร์ส bikini wax","เก้าอี้นวดไฟฟ้า","ต้นไม้ประดับห้อง","หมอนข้าง","ตาชั่ง ","คอร์สโบท็อกกราม","แสงโสม","กะหรี่(ปั๊บ)","Lego","แฟน ที่แปลว่าพัดลม","ยาดอง","ชุดนอนไม่ได้นอน","ที่ยกน้ำหนัก (Dumbell)","เครื่องดูดฝุ่นอัตโนมัติ (robot)","เนื้อวากิล","หมูแดดเดียว","drone","เครื่องย่อยเศษอาหาร","เสื้อซีทรู","ไพ่ยิปซี","เนื้อย่าง","เครื่องทำลายเอกสาร","กระเป๋า","ชาบู","Surfskate","Board game","เครื่องย่อยเศษอาหาร","ชุดน้องหมา","Omakase","เม็ดมะม่วงหิมพานต์","ไฟอัจฉริยะ","บัตตาเลี่ยนที่ตัดผม","ไดร์เป่าผม Dyson","แผ่นเสียง","กรรไกรตัดขนจมูก","PS5","เครื่องตรวจน้ำตาลในเลือด","โรตี","กะปิดอง","น้องหมา","แพ็คเกจไทยเที่ยวไทย","เกมส์ FIFA Online","มะม่วงเบา","ห้องน้ำแมวอัตโนมัติ","กระเป๋า chanel","ข้าวขาหมูคากิคาจักออนไลน์","ถั่งเช่า","หมอนสุขภาพสำหรับคนนอนไม่หลับ","อาหารแมวคลีนเพื่อสุขภาพลดหุ่น","น้ำส้มดีโด้","Software ถูกลิขสิทธิ์","ครีมกันแดด",""
"2564/03/20 11:29:58 ก่อนเที่ยง GMT+7","","","","","","","","","","","","","","","","","","","","","","","","","","","","","","","","","","","","","","","","","","","","","","","","","","","","","","","","","","","","","","พริกทอด"
"2564/03/20 11:33:10 ก่อนเที่ยง GMT+7","","","","","","","","","","","","","","","","","","","","","","","","","","","","กล้วยทอด","","","","","","","","","","","","","","","","","","","","","","","","","","","","","","","","","",""
"2564/03/20 11:53:44 ก่อนเที่ยง GMT+7","ไม่เคย","ไม่เคย","ไม่เคย","ไม่เคย","ไม่เคย","ไม่เคย","ไม่เคย","ไม่เคย","ไม่เคย","ไม่เคย","ไม่เคย","ไม่เคย","เคย","ไม่เคย","ไม่เคย","ไม่เคย","เคย","เคย","เคย","ไม่เคย","ไม่เคย","ไม่เคย","เคย","เคย","เคย","ไม่เคย","ไม่เคย","ไม่เคย","ไม่เคย","เคย","ไม่เคย","เคย","เคย","ไม่เคย","เคย","ไม่เคย","ไม่เคย","เคย","เคย","ไม่เคย","ไม่เคย","ไม่เคย","ไม่เคย","เคย","เคย","ไม่เคย","เคย","ไม่เคย","ไม่เคย","ไม่เคย","ไม่เคย","ไม่เคย","ไม่เคย","ไม่เคย","ไม่เคย","ไม่เคย","ไม่เคย","ไม่เคย","เคย","เคย","เคย",""
"2564/03/20 11:54:00 ก่อนเที่ยง GMT+7","ไม่เคย","เคย","ไม่เคย","เคย","ไม่เคย","ไม่เคย","ไม่เคย","เคย","ไม่เคย","ไม่เคย","ไม่เคย","ไม่เคย","เคย","เคย","ไม่เคย","เคย","เคย","ไม่เคย","เคย","ไม่เคย","เคย","เคย","เคย","ไม่เคย","เคย","ไม่เคย","ไม่เคย","เคย","เคย","ไม่เคย","ไม่เคย","เคย","เคย","ไม่เคย","ไม่เคย","ไม่เคย","ไม่เคย","ไม่เคย","เคย","ไม่เคย","ไม่เคย","ไม่เคย","ไม่เคย","เคย","ไม่เคย","เคย","เคย","เคย","ไม่เคย","เคย","ไม่เคย","เคย","ไม่เคย","ไม่เคย","ไม่เคย","เคย","เคย","ไม่เคย","เคย","ไม่เคย","เคย",""
"2564/03/20 11:54:05 ก่อนเที่ยง GMT+7","เคย","ไม่เคย","ไม่เคย","ไม่เคย","ไม่เคย","ไม่เคย","ไม่เคย","เคย","เคย","ไม่เคย","ไม่เคย","เคย","เคย","เคย","ไม่เคย","ไม่เคย","เคย","เคย","เคย","ไม่เคย","เคย","เคย","ไม่เคย","เคย","เคย","เคย","ไม่เคย","เคย","ไม่เคย","เคย","เคย","เคย","เคย","เคย","เคย","ไม่เคย","เคย","ไม่เคย","เคย","เคย","เคย","ไม่เคย","ไม่เคย","ไม่เคย","ไม่เคย","เคย","เคย","ไม่เคย","เคย","ไม่เคย","ไม่เคย","เคย","ไม่เคย","ไม่เคย","ไม่เคย","ไม่เคย","เคย","ไม่เคย","เคย","เคย","เคย",""
"2564/03/20 11:54:12 ก่อนเที่ยง GMT+7","ไม่เคย","ไม่เคย","ไม่เคย","เคย","ไม่เคย","เคย","ไม่เคย","ไม่เคย","ไม่เคย","ไม่เคย","เคย","เคย","เคย","เคย","ไม่เคย","เคย","เคย","เคย","เคย","เคย","ไม่เคย","ไม่เคย","เคย","เคย","เคย","ไม่เคย","ไม่เคย","ไม่เคย","ไม่เคย","เคย","ไม่เคย","เคย","เคย","ไม่เคย","เคย","ไม่เคย","ไม่เคย","เคย","เคย","ไม่เคย","เคย","ไม่เคย","ไม่เคย","เคย","ไม่เคย","ไม่เคย","เคย","ไม่เคย","ไม่เคย","ไม่เคย","เคย","ไม่เคย","ไม่เคย","ไม่เคย","ไม่เคย","ไม่เคย","ไม่เคย","ไม่เคย","ไม่เคย","ไม่เคย","เคย",""
"2564/03/20 11:54:18 ก่อนเที่ยง GMT+7","ไม่เคย","เคย","ไม่เคย","ไม่เคย","เคย","ไม่เคย","ไม่เคย","ไม่เคย","ไม่เคย","ไม่เคย","ไม่เคย","เคย","ไม่เคย","ไม่เคย","เคย","ไม่เคย","เคย","ไม่เคย","เคย","ไม่เคย","ไม่เคย","เคย","เคย","ไม่เคย","เคย","ไม่เคย","ไม่เคย","ไม่เคย","เคย","ไม่เคย","ไม่เคย","เคย","เคย","ไม่เคย","เคย","ไม่เคย","เคย","ไม่เคย","เคย","ไม่เคย","ไม่เคย","เคย","ไม่เคย","ไม่เคย","ไม่เคย","ไม่เคย","เคย","ไม่เคย","เคย","","ไม่เคย","ไม่เคย","ไม่เคย","เคย","ไม่เคย","ไม่เคย","เคย","ไม่เคย","เคย","เคย","เคย",""
"2564/03/20 11:54:20 ก่อนเที่ยง GMT+7","เคย","เคย","ไม่เคย","ไม่เคย","ไม่เคย","ไม่เคย","ไม่เคย","เคย","ไม่เคย","ไม่เคย","ไม่เคย","เคย","เคย","เคย","ไม่เคย","ไม่เคย","เคย","เคย","เคย","ไม่เคย","ไม่เคย","เคย","เคย","เคย","เคย","ไม่เคย","ไม่เคย","เคย","ไม่เคย","เคย","ไม่เคย","เคย","เคย","ไม่เคย","ไม่เคย","ไม่เคย","เคย","ไม่เคย","เคย","ไม่เคย","ไม่เคย","ไม่เคย","ไม่เคย","เคย","ไม่เคย","ไม่เคย","เคย","ไม่เคย","เคย","ไม่เคย","ไม่เคย","เคย","ไม่เคย","ไม่เคย","ไม่เคย","","เคย","ไม่เคย","ไม่เคย","ไม่เคย","เคย",""
"2564/03/20 11:54:33 ก่อนเที่ยง GMT+7","ไม่เคย","ไม่เคย","ไม่เคย","เคย","ไม่เคย","ไม่เคย","ไม่เคย","เคย","ไม่เคย","ไม่เคย","ไม่เคย","เคย","เคย","ไม่เคย","ไม่เคย","เคย","เคย","ไม่เคย","เคย","ไม่เคย","ไม่เคย","เคย","ไม่เคย","เคย","เคย","ไม่เคย","ไม่เคย","ไม่เคย","ไม่เคย","เคย","ไม่เคย","เคย","เคย","ไม่เคย","เคย","ไม่เคย","เคย","ไม่เคย","เคย","ไม่เคย","ไม่เคย","ไม่เคย","ไม่เคย","ไม่เคย","ไม่เคย","ไม่เคย","เคย","เคย","ไม่เคย","ไม่เคย","ไม่เคย","เคย","ไม่เคย","ไม่เคย","ไม่เคย","ไม่เคย","เคย","ไม่เคย","เคย","เคย","เคย",""
"2564/03/20 11:54:40 ก่อนเที่ยง GMT+7","ไม่เคย","ไม่เคย","ไม่เคย","ไม่เคย","ไม่เคย","ไม่เคย","ไม่เคย","เคย","ไม่เคย","ไม่เคย","ไม่เคย","เคย","เคย","เคย","ไม่เคย","เคย","ไม่เคย","ไม่เคย","ไม่เคย","ไม่เคย","ไม่เคย","เคย","เคย","ไม่เคย","","ไม่เคย","ไม่เคย","ไม่เคย","ไม่เคย","ไม่เคย","ไม่เคย","เคย","เคย","ไม่เคย","เคย","ไม่เคย","ไม่เคย","ไม่เคย","เคย","ไม่เคย","ไม่เคย","ไม่เคย","ไม่เคย","ไม่เคย","ไม่เคย","ไม่เคย","ไม่เคย","ไม่เคย","ไม่เคย","ไม่เคย","ไม่เคย","ไม่เคย","ไม่เคย","","ไม่เคย","ไม่เคย","ไม่เคย","ไม่เคย","ไม่เคย","ไม่เคย","เคย",""
"2564/03/20 11:54:45 ก่อนเที่ยง GMT+7","ไม่เคย","ไม่เคย","ไม่เคย","ไม่เคย","ไม่เคย","เคย","ไม่เคย","เคย","ไม่เคย","ไม่เคย","ไม่เคย","เคย","เคย","เคย","ไม่เคย","ไม่เคย","เคย","ไม่เคย","เคย","ไม่เคย","ไม่เคย","เคย","เคย","เคย","เคย","ไม่เคย","ไม่เคย","ไม่เคย","เคย","เคย","ไม่เคย","เคย","เคย","ไม่เคย","เคย","ไม่เคย","ไม่เคย","ไม่เคย","เคย","เคย","ไม่เคย","ไม่เคย","ไม่เคย","ไม่เคย","ไม่เคย","เคย","เคย","ไม่เคย","ไม่เคย","เคย","ไม่เคย","ไม่เคย","ไม่เคย","ไม่เคย","เคย","เคย","ไม่เคย","ไม่เคย","ไม่เคย","เคย","เคย",""
"2564/03/20 11:54:46 ก่อนเที่ยง GMT+7","ไม่เคย","เคย","ไม่เคย","ไม่เคย","ไม่เคย","ไม่เคย","ไม่เคย","เคย","ไม่เคย","ไม่เคย","ไม่เคย","เคย","เคย","ไม่เคย","ไม่เคย","ไม่เคย","เคย","เคย","ไม่เคย","เคย","ไม่เคย","เคย","ไม่เคย","เคย","เคย","ไม่เคย","ไม่เคย","ไม่เคย","ไม่เคย","เคย","ไม่เคย","เคย","เคย","ไม่เคย","ไม่เคย","ไม่เคย","เคย","ไม่เคย","เคย","ไม่เคย","ไม่เคย","ไม่เคย","ไม่เคย","ไม่เคย","ไม่เคย","ไม่เคย","เคย","ไม่เคย","ไม่เคย","ไม่เคย","ไม่เคย","เคย","ไม่เคย","ไม่เคย","ไม่เคย","ไม่เคย","ไม่เคย","ไม่เคย","ไม่เคย","เคย","เคย",""
"2564/03/20 11:54:53 ก่อนเที่ยง GMT+7","เคย","ไม่เคย","ไม่เคย","ไม่เคย","ไม่เคย","ไม่เคย","ไม่เคย","ไม่เคย","ไม่เคย","ไม่เคย","ไม่เคย","ไม่เคย","เคย","ไม่เคย","ไม่เคย","ไม่เคย","ไม่เคย","ไม่เคย","ไม่เคย","ไม่เคย","ไม่เคย","เคย","ไม่เคย","เคย","เคย","ไม่เคย","ไม่เคย","ไม่เคย","ไม่เคย","เคย","ไม่เคย","เคย","เคย","ไม่เคย","ไม่เคย","ไม่เคย","ไม่เคย","ไม่เคย","เคย","ไม่เคย","ไม่เคย","ไม่เคย","ไม่เคย","เคย","ไม่เคย","ไม่เคย","เคย","ไม่เคย","ไม่เคย","ไม่เคย","ไม่เคย","เคย","ไม่เคย","ไม่เคย","เคย","ไม่เคย","ไม่เคย","ไม่เคย","ไม่เคย","เคย","เคย",""
"2564/03/20 11:54:56 ก่อนเที่ยง GMT+7","ไม่เคย","ไม่เคย","ไม่เคย","เคย","ไม่เคย","เคย","ไม่เคย","เคย","ไม่เคย","ไม่เคย","ไม่เคย","เคย","เคย","เคย","ไม่เคย","เคย","เคย","ไม่เคย","เคย","ไม่เคย","ไม่เคย","ไม่เคย","ไม่เคย","เคย","เคย","ไม่เคย","ไม่เคย","ไม่เคย","ไม่เคย","เคย","ไม่เคย","เคย","เคย","ไม่เคย","ไม่เคย","","ไม่เคย","ไม่เคย","เคย","เคย","ไม่เคย","ไม่เคย","ไม่เคย","เคย","ไม่เคย","ไม่เคย","เคย","ไม่เคย","ไม่เคย","ไม่เคย","ไม่เคย","ไม่เคย","ไม่เคย","ไม่เคย","ไม่เคย","ไม่เคย","ไม่เคย","ไม่เคย","ไม่เคย","เคย","เคย",""
"2564/03/20 11:55:00 ก่อนเที่ยง GMT+7","เคย","เคย","ไม่เคย","ไม่เคย","ไม่เคย","ไม่เคย","ไม่เคย","ไม่เคย","ไม่เคย","เคย","ไม่เคย","เคย","เคย","เคย","ไม่เคย","ไม่เคย","เคย","เคย","เคย","ไม่เคย","ไม่เคย","เคย","เคย","เคย","เคย","ไม่เคย","ไม่เคย","เคย","ไม่เคย","เคย","เคย","เคย","เคย","ไม่เคย","เคย","ไม่เคย","เคย","เคย","เคย","เคย","ไม่เคย","เคย","เคย","เคย","ไม่เคย","เคย","เคย","ไม่เคย","เคย","ไม่เคย","ไม่เคย","เคย","ไม่เคย","ไม่เคย","ไม่เคย","ไม่เคย","เคย","ไม่เคย","เคย","เคย","เคย",""
"2564/03/20 11:55:00 ก่อนเที่ยง GMT+7","ไม่เคย","ไม่เคย","ไม่เคย","ไม่เคย","ไม่เคย","ไม่เคย","ไม่เคย","ไม่เคย","ไม่เคย","ไม่เคย","ไม่เคย","ไม่เคย","ไม่เคย","เคย","ไม่เคย","ไม่เคย","เคย","ไม่เคย","เคย","ไม่เคย","ไม่เคย","ไม่เคย","ไม่เคย","เคย","เคย","ไม่เคย","ไม่เคย","ไม่เคย","ไม่เคย","เคย","ไม่เคย","เคย","เคย","ไม่เคย","เคย","ไม่เคย","ไม่เคย","ไม่เคย","เคย","ไม่เคย","ไม่เคย","ไม่เคย","ไม่เคย","ไม่เคย","ไม่เคย","ไม่เคย","เคย","ไม่เคย","ไม่เคย","เคย","ไม่เคย","ไม่เคย","ไม่เคย","ไม่เคย","ไม่เคย","ไม่เคย","ไม่เคย","ไม่เคย","เคย","เคย","เคย",""
"2564/03/20 11:55:03 ก่อนเที่ยง GMT+7","ไม่เคย","เคย","ไม่เคย","ไม่เคย","ไม่เคย","ไม่เคย","ไม่เคย","ไม่เคย","ไม่เคย","ไม่เคย","ไม่เคย","เคย","เคย","เคย","ไม่เคย","ไม่เคย","เคย","เคย","เคย","ไม่เคย","ไม่เคย","เคย","ไม่เคย","ไม่เคย","เคย","ไม่เคย","ไม่เคย","เคย","ไม่เคย","เคย","ไม่เคย","เคย","เคย","ไม่เคย","เคย","ไม่เคย","เคย","ไม่เคย","เคย","ไม่เคย","ไม่เคย","ไม่เคย","ไม่เคย","ไม่เคย","ไม่เคย","ไม่เคย","เคย","ไม่เคย","ไม่เคย","ไม่เคย","ไม่เคย","ไม่เคย","ไม่เคย","ไม่เคย","ไม่เคย","ไม่เคย","ไม่เคย","ไม่เคย","เคย","เคย","เคย",""
"2564/03/20 11:55:05 ก่อนเที่ยง GMT+7","เคย","เคย","ไม่เคย","ไม่เคย","ไม่เคย","ไม่เคย","ไม่เคย","เคย","ไม่เคย","ไม่เคย","ไม่เคย","เคย","เคย","เคย","ไม่เคย","ไม่เคย","เคย","เคย","เคย","ไม่เคย","ไม่เคย","ไม่เคย","เคย","ไม่เคย","ไม่เคย","ไม่เคย","ไม่เคย","ไม่เคย","ไม่เคย","เคย","ไม่เคย","เคย","เคย","ไม่เคย","ไม่เคย","ไม่เคย","ไม่เคย","ไม่เคย","เคย","เคย","ไม่เคย","ไม่เคย","ไม่เคย","เคย","ไม่เคย","ไม่เคย","เคย","ไม่เคย","ไม่เคย","เคย","ไม่เคย","ไม่เคย","ไม่เคย","ไม่เคย","ไม่เคย","เคย","เคย","ไม่เคย","เคย","เคย","เคย",""
"2564/03/20 11:55:10 ก่อนเที่ยง GMT+7","เคย","เคย","ไม่เคย","ไม่เคย","ไม่เคย","ไม่เคย","ไม่เคย","ไม่เคย","ไม่เคย","ไม่เคย","ไม่เคย","เคย","เคย","เคย","ไม่เคย","ไม่เคย","เคย","เคย","เคย","ไม่เคย","ไม่เคย","เคย","ไม่เคย","เคย","เคย","ไม่เคย","ไม่เคย","ไม่เคย","เคย","เคย","ไม่เคย","เคย","เคย","ไม่เคย","เคย","ไม่เคย","ไม่เคย","ไม่เคย","เคย","ไม่เคย","ไม่เคย","ไม่เคย","ไม่เคย","ไม่เคย","ไม่เคย","ไม่เคย","เคย","เคย","ไม่เคย","เคย","ไม่เคย","เคย","ไม่เคย","ไม่เคย","ไม่เคย","ไม่เคย","ไม่เคย","ไม่เคย","เคย","เคย","เคย",""
"2564/03/20 11:55:15 ก่อนเที่ยง GMT+7","เคย","ไม่เคย","ไม่เคย","ไม่เคย","ไม่เคย","ไม่เคย","ไม่เคย","เคย","เคย","ไม่เคย","ไม่เคย","ไม่เคย","เคย","เคย","ไม่เคย","ไม่เคย","เคย","เคย","ไม่เคย","ไม่เคย","ไม่เคย","เคย","เคย","เคย","ไม่เคย","ไม่เคย","ไม่เคย","ไม่เคย","เคย","เคย","ไม่เคย","เคย","เคย","ไม่เคย","เคย","ไม่เคย","ไม่เคย","ไม่เคย","ไม่เคย","เคย","ไม่เคย","ไม่เคย","ไม่เคย","ไม่เคย","ไม่เคย","เคย","เคย","ไม่เคย","ไม่เคย","ไม่เคย","ไม่เคย","ไม่เคย","ไม่เคย","ไม่เคย","ไม่เคย","ไม่เคย","ไม่เคย","ไม่เคย","เคย","เคย","เคย",""
"2564/03/20 11:55:20 ก่อนเที่ยง GMT+7","ไม่เคย","ไม่เคย","ไม่เคย","เคย","ไม่เคย","ไม่เคย","ไม่เคย","เคย","เคย","ไม่เคย","เคย","เคย","เคย","เคย","ไม่เคย","เคย","เคย","ไม่เคย","เคย","ไม่เคย","ไม่เคย","ไม่เคย","ไม่เคย","เคย","เคย","ไม่เคย","ไม่เคย","ไม่เคย","ไม่เคย","เคย","ไม่เคย","เคย","เคย","ไม่เคย","เคย","ไม่เคย","ไม่เคย","ไม่เคย","เคย","ไม่เคย","ไม่เคย","ไม่เคย","ไม่เคย","เคย","ไม่เคย","ไม่เคย","เคย","ไม่เคย","ไม่เคย","ไม่เคย","เคย","ไม่เคย","ไม่เคย","ไม่เคย","ไม่เคย","ไม่เคย","ไม่เคย","ไม่เคย","เคย","เคย","เคย",""
"2564/03/20 11:55:28 ก่อนเที่ยง GMT+7","ไม่เคย","เคย","ไม่เคย","ไม่เคย","เคย","ไม่เคย","ไม่เคย","ไม่เคย","ไม่เคย","ไม่เคย","ไม่เคย","เคย","เคย","ไม่เคย","เคย","ไม่เคย","เคย","ไม่เคย","เคย","เคย","เคย","เคย","ไม่เคย","ไม่เคย","เคย","ไม่เคย","ไม่เคย","เคย","ไม่เคย","ไม่เคย","ไม่เคย","เคย","เคย","ไม่เคย","ไม่เคย","ไม่เคย","ไม่เคย","ไม่เคย","เคย","ไม่เคย","ไม่เคย","ไม่เคย","ไม่เคย","ไม่เคย","ไม่เคย","ไม่เคย","เคย","ไม่เคย","ไม่เคย","เคย","ไม่เคย","ไม่เคย","ไม่เคย","ไม่เคย","ไม่เคย","ไม่เคย","เคย","ไม่เคย","เคย","เคย","เคย",""
"2564/03/20 11:55:36 ก่อนเที่ยง GMT+7","ไม่เคย","ไม่เคย","ไม่เคย","ไม่เคย","ไม่เคย","ไม่เคย","ไม่เคย","ไม่เคย","เคย","ไม่เคย","ไม่เคย","ไม่เคย","ไม่เคย","ไม่เคย","ไม่เคย","ไม่เคย","เคย","ไม่เคย","เคย","เคย","ไม่เคย","ไม่เคย","ไม่เคย","ไม่เคย","เคย","ไม่เคย","ไม่เคย","ไม่เคย","ไม่เคย","ไม่เคย","ไม่เคย","เคย","เคย","ไม่เคย","เคย","ไม่เคย","ไม่เคย","เคย","ไม่เคย","เคย","ไม่เคย","ไม่เคย","เคย","ไม่เคย","ไม่เคย","ไม่เคย","เคย","ไม่เคย","ไม่เคย","เคย","ไม่เคย","ไม่เคย","ไม่เคย","ไม่เคย","ไม่เคย","ไม่เคย","ไม่เคย","ไม่เคย","เคย","เคย","เคย",""
"2564/03/20 11:55:50 ก่อนเที่ยง GMT+7","เคย","เคย","เคย","เคย","เคย","เคย","เคย","เคย","ไม่เคย","ไม่เคย","เคย","เคย","ไม่เคย","เคย","ไม่เคย","เคย","เคย","เคย","เคย","ไม่เคย","ไม่เคย","เคย","เคย","เคย","ไม่เคย","ไม่เคย","เคย","ไม่เคย","เคย","เคย","เคย","เคย","เคย","ไม่เคย","เคย","เคย","ไม่เคย","เคย","เคย","เคย","เคย","เคย","เคย","ไม่เคย","เคย","เคย","เคย","เคย","ไม่เคย","ไม่เคย","ไม่เคย","ไม่เคย","เคย","เคย","เคย","ไม่เคย","เคย","เคย","เคย","เคย","เคย",""
"2564/03/20 11:56:14 ก่อนเที่ยง GMT+7","ไม่เคย","เคย","เคย","ไม่เคย","เคย","ไม่เคย","ไม่เคย","ไม่เคย","เคย","เคย","ไม่เคย","เคย","เคย","เคย","เคย","ไม่เคย","เคย","เคย","เคย","ไม่เคย","เคย","เคย","เคย","เคย","เคย","ไม่เคย","ไม่เคย","เคย","เคย","เคย","ไม่เคย","เคย","เคย","ไม่เคย","ไม่เคย","ไม่เคย","เคย","ไม่เคย","เคย","เคย","ไม่เคย","ไม่เคย","ไม่เคย","เคย","ไม่เคย","เคย","เคย","เคย","เคย","เคย","เคย","เคย","ไม่เคย","เคย","เคย","เคย","เคย","ไม่เคย","เคย","เคย","เคย",""
"2564/03/20 11:56:24 ก่อนเที่ยง GMT+7","เคย","เคย","ไม่เคย","ไม่เคย","ไม่เคย","ไม่เคย","ไม่เคย","ไม่เคย","เคย","ไม่เคย","ไม่เคย","เคย","เคย","เคย","ไม่เคย","ไม่เคย","เคย","เคย","เคย","ไม่เคย","ไม่เคย","เคย","เคย","ไม่เคย","ไม่เคย","ไม่เคย","เคย","ไม่เคย","ไม่เคย","ไม่เคย","เคย","เคย","เคย","ไม่เคย","เคย","เคย","เคย","ไม่เคย","เคย","เคย","ไม่เคย","ไม่เคย","ไม่เคย","ไม่เคย","ไม่เคย","ไม่เคย","เคย","เคย","เคย","ไม่เคย","ไม่เคย","ไม่เคย","ไม่เคย","ไม่เคย","ไม่เคย","ไม่เคย","เคย","เคย","เคย","เคย","เคย",""
"2564/03/20 11:56:43 ก่อนเที่ยง GMT+7","ไม่เคย","ไม่เคย","ไม่เคย","ไม่เคย","ไม่เคย","ไม่เคย","ไม่เคย","ไม่เคย","ไม่เคย","ไม่เคย","ไม่เคย","ไม่เคย","เคย","เคย","ไม่เคย","ไม่เคย","เคย","ไม่เคย","เคย","ไม่เคย","ไม่เคย","ไม่เคย","ไม่เคย","ไม่เคย","ไม่เคย","ไม่เคย","ไม่เคย","ไม่เคย","ไม่เคย","ไม่เคย","ไม่เคย","เคย","เคย","ไม่เคย","เคย","ไม่เคย","ไม่เคย","ไม่เคย","เคย","ไม่เคย","ไม่เคย","ไม่เคย","เคย","ไม่เคย","ไม่เคย","ไม่เคย","ไม่เคย","ไม่เคย","ไม่เคย","เคย","ไม่เคย","ไม่เคย","ไม่เคย","ไม่เคย","ไม่เคย","เคย","ไม่เคย","ไม่เคย","เคย","ไม่เคย","เคย",""
"2564/03/20 11:57:02 ก่อนเที่ยง GMT+7","ไม่เคย","ไม่เคย","ไม่เคย","ไม่เคย","ไม่เคย","ไม่เคย","ไม่เคย","ไม่เคย","ไม่เคย","ไม่เคย","ไม่เคย","เคย","เคย","เคย","ไม่เคย","เคย","เคย","เคย","เคย","เคย","ไม่เคย","เคย","ไม่เคย","เคย","เคย","ไม่เคย","ไม่เคย","ไม่เคย","ไม่เคย","เคย","ไม่เคย","เคย","เคย","ไม่เคย","เคย","ไม่เคย","เคย","ไม่เคย","เคย","ไม่เคย","ไม่เคย","ไม่เคย","ไม่เคย","ไม่เคย","ไม่เคย","ไม่เคย","เคย","ไม่เคย","ไม่เคย","เคย","ไม่เคย","ไม่เคย","ไม่เคย","ไม่เคย","ไม่เคย","ไม่เคย","เคย","ไม่เคย","เคย","เคย","เคย",""
"2564/03/20 11:57:38 ก่อนเที่ยง GMT+7","ไม่เคย","ไม่เคย","ไม่เคย","ไม่เคย","ไม่เคย","เคย","ไม่เคย","เคย","ไม่เคย","ไม่เคย","ไม่เคย","เคย","เคย","ไม่เคย","ไม่เคย","เคย","เคย","เคย","เคย","เคย","ไม่เคย","ไม่เคย","เคย","ไม่เคย","เคย","ไม่เคย","ไม่เคย","ไม่เคย","ไม่เคย","เคย","ไม่เคย","เคย","เคย","ไม่เคย","เคย","ไม่เคย","ไม่เคย","ไม่เคย","เคย","ไม่เคย","ไม่เคย","ไม่เคย","ไม่เคย","ไม่เคย","ไม่เคย","ไม่เคย","เคย","ไม่เคย","ไม่เคย","ไม่เคย","เคย","ไม่เคย","ไม่เคย","ไม่เคย","ไม่เคย","ไม่เคย","ไม่เคย","ไม่เคย","เคย","ไม่เคย","เคย",""
"2564/03/20 11:57:42 ก่อนเที่ยง GMT+7","เคย","เคย","ไม่เคย","เคย","เคย","ไม่เคย","ไม่เคย","ไม่เคย","เคย","ไม่เคย","ไม่เคย","ไม่เคย","เคย","ไม่เคย","เคย","เคย","เคย","ไม่เคย","เคย","ไม่เคย","ไม่เคย","เคย","ไม่เคย","เคย","เคย","เคย","ไม่เคย","เคย","เคย","เคย","ไม่เคย","เคย","เคย","ไม่เคย","ไม่เคย","ไม่เคย","ไม่เคย","ไม่เคย","เคย","ไม่เคย","ไม่เคย","ไม่เคย","เคย","เคย","ไม่เคย","ไม่เคย","เคย","ไม่เคย","ไม่เคย","ไม่เคย","ไม่เคย","ไม่เคย","ไม่เคย","ไม่เคย","ไม่เคย","ไม่เคย","เคย","ไม่เคย","ไม่เคย","เคย","เคย",""
"2564/03/20 11:59:34 ก่อนเที่ยง GMT+7","ไม่เคย","เคย","ไม่เคย","ไม่เคย","ไม่เคย","ไม่เคย","ไม่เคย","ไม่เคย","ไม่เคย","ไม่เคย","ไม่เคย","เคย","เคย","เคย","ไม่เคย","ไม่เคย","เคย","เคย","เคย","ไม่เคย","ไม่เคย","ไม่เคย","เคย","เคย","เคย","เคย","ไม่เคย","ไม่เคย","เคย","เคย","เคย","เคย","เคย","ไม่เคย","เคย","ไม่เคย","เคย","ไม่เคย","เคย","ไม่เคย","ไม่เคย","ไม่เคย","ไม่เคย","ไม่เคย","ไม่เคย","ไม่เคย","เคย","ไม่เคย","เคย","เคย","ไม่เคย","ไม่เคย","ไม่เคย","ไม่เคย","ไม่เคย","ไม่เคย","ไม่เคย","ไม่เคย","ไม่เคย","เคย","เคย",""
"2564/03/20 11:59:46 ก่อนเที่ยง GMT+7","เคย","ไม่เคย","เคย","เคย","เคย","เคย","เคย","ไม่เคย","ไม่เคย","ไม่เคย","ไม่เคย","เคย","เคย","เคย","ไม่เคย","เคย","เคย","เคย","เคย","ไม่เคย","ไม่เคย","ไม่เคย","ไม่เคย","เคย","เคย","ไม่เคย","ไม่เคย","ไม่เคย","ไม่เคย","เคย","ไม่เคย","เคย","เคย","ไม่เคย","ไม่เคย","ไม่เคย","ไม่เคย","เคย","เคย","ไม่เคย","ไม่เคย","ไม่เคย","เคย","ไม่เคย","ไม่เคย","","เคย","ไม่เคย","ไม่เคย","เคย","ไม่เคย","ไม่เคย","ไม่เคย","เคย","เคย","ไม่เคย","ไม่เคย","ไม่เคย","ไม่เคย","เคย","เคย",""
"2564/03/20 12:00:56 หลังเที่ยง GMT+7","ไม่เคย","ไม่เคย","ไม่เคย","ไม่เคย","ไม่เคย","ไม่เคย","ไม่เคย","ไม่เคย","ไม่เคย","ไม่เคย","ไม่เคย","ไม่เคย","เคย","ไม่เคย","ไม่เคย","ไม่เคย","เคย","ไม่เคย","เคย","ไม่เคย","ไม่เคย","ไม่เคย","เคย","ไม่เคย","เคย","ไม่เคย","ไม่เคย","ไม่เคย","ไม่เคย","ไม่เคย","ไม่เคย","เคย","เคย","ไม่เคย","ไม่เคย","ไม่เคย","เคย","ไม่เคย","เคย","ไม่เคย","ไม่เคย","ไม่เคย","ไม่เคย","ไม่เคย","ไม่เคย","ไม่เคย","เคย","ไม่เคย","เคย","เคย","ไม่เคย","เคย","ไม่เคย","ไม่เคย","ไม่เคย","เคย","เคย","ไม่เคย","เคย","ไม่เคย","เคย",""
"2564/03/20 12:01:54 หลังเที่ยง GMT+7","เคย","เคย","ไม่เคย","ไม่เคย","เคย","ไม่เคย","ไม่เคย","เคย","ไม่เคย","ไม่เคย","ไม่เคย","ไม่เคย","เคย","เคย","เคย","ไม่เคย","เคย","เคย","เคย","เคย","เคย","เคย","เคย","เคย","เคย","ไม่เคย","ไม่เคย","เคย","ไม่เคย","เคย","ไม่เคย","เคย","เคย","ไม่เคย","ไม่เคย","ไม่เคย","เคย","เคย","เคย","ไม่เคย","ไม่เคย","ไม่เคย","ไม่เคย","เคย","ไม่เคย","เคย","เคย","เคย","เคย","เคย","ไม่เคย","เคย","ไม่เคย","ไม่เคย","ไม่เคย","ไม่เคย","ไม่เคย","ไม่เคย","ไม่เคย","เคย","เคย",""
"2564/03/20 12:01:55 หลังเที่ยง GMT+7","ไม่เคย","เคย","ไม่เคย","ไม่เคย","เคย","ไม่เคย","ไม่เคย","ไม่เคย","ไม่เคย","ไม่เคย","ไม่เคย","ไม่เคย","เคย","ไม่เคย","ไม่เคย","ไม่เคย","เคย","ไม่เคย","เคย","ไม่เคย","ไม่เคย","เคย","ไม่เคย","เคย","ไม่เคย","ไม่เคย","ไม่เคย","ไม่เคย","ไม่เคย","เคย","เคย","เคย","เคย","ไม่เคย","ไม่เคย","ไม่เคย","ไม่เคย","ไม่เคย","เคย","ไม่เคย","เคย","ไม่เคย","ไม่เคย","ไม่เคย","ไม่เคย","ไม่เคย","เคย","ไม่เคย","ไม่เคย","ไม่เคย","ไม่เคย","เคย","ไม่เคย","ไม่เคย","ไม่เคย","ไม่เคย","ไม่เคย","ไม่เคย","เคย","เคย","เคย",""
"2564/03/20 12:02:07 หลังเที่ยง GMT+7","ไม่เคย","ไม่เคย","ไม่เคย","ไม่เคย","ไม่เคย","ไม่เคย","ไม่เคย","ไม่เคย","ไม่เคย","ไม่เคย","เคย","เคย","เคย","เคย","ไม่เคย","ไม่เคย","เคย","เคย","เคย","ไม่เคย","ไม่เคย","ไม่เคย","ไม่เคย","เคย","เคย","ไม่เคย","ไม่เคย","ไม่เคย","ไม่เคย","เคย","ไม่เคย","เคย","เคย","ไม่เคย","เคย","ไม่เคย","ไม่เคย","ไม่เคย","เคย","ไม่เคย","เคย","ไม่เคย","ไม่เคย","ไม่เคย","ไม่เคย","ไม่เคย","เคย","เคย","ไม่เคย","เคย","ไม่เคย","ไม่เคย","ไม่เคย","ไม่เคย","ไม่เคย","ไม่เคย","ไม่เคย","ไม่เคย","ไม่เคย","เคย","เคย",""
"2564/03/20 12:02:12 หลังเที่ยง GMT+7","ไม่เคย","เคย","ไม่เคย","ไม่เคย","ไม่เคย","ไม่เคย","ไม่เคย","เคย","ไม่เคย","ไม่เคย","ไม่เคย","ไม่เคย","เคย","เคย","ไม่เคย","ไม่เคย","เคย","เคย","ไม่เคย","ไม่เคย","ไม่เคย","ไม่เคย","ไม่เคย","ไม่เคย","ไม่เคย","ไม่เคย","ไม่เคย","ไม่เคย","ไม่เคย","ไม่เคย","ไม่เคย","เคย","เคย","ไม่เคย","เคย","ไม่เคย","เคย","ไม่เคย","เคย","ไม่เคย","เคย","ไม่เคย","ไม่เคย","ไม่เคย","ไม่เคย","ไม่เคย","เคย","ไม่เคย","เคย","ไม่เคย","ไม่เคย","ไม่เคย","ไม่เคย","ไม่เคย","ไม่เคย","ไม่เคย","ไม่เคย","ไม่เคย","เคย","เคย","เคย",""
"2564/03/20 12:02:35 หลังเที่ยง GMT+7","เคย","เคย","ไม่เคย","ไม่เคย","เคย","ไม่เคย","ไม่เคย","เคย","เคย","ไม่เคย","ไม่เคย","เคย","เคย","เคย","ไม่เคย","ไม่เคย","ไม่เคย","เคย","เคย","เคย","ไม่เคย","เคย","เคย","ไม่เคย","ไม่เคย","ไม่เคย","ไม่เคย","ไม่เคย","ไม่เคย","ไม่เคย","ไม่เคย","เคย","เคย","เคย","เคย","ไม่เคย","เคย","ไม่เคย","ไม่เคย","เคย","ไม่เคย","ไม่เคย","ไม่เคย","เคย","ไม่เคย","เคย","เคย","ไม่เคย","ไม่เคย","เคย","ไม่เคย","ไม่เคย","ไม่เคย","ไม่เคย","ไม่เคย","ไม่เคย","ไม่เคย","ไม่เคย","ไม่เคย","เคย","เคย",""
"2564/03/20 12:02:35 หลังเที่ยง GMT+7","ไม่เคย","เคย","ไม่เคย","ไม่เคย","ไม่เคย","ไม่เคย","เคย","ไม่เคย","เคย","ไม่เคย","ไม่เคย","เคย","เคย","เคย","ไม่เคย","ไม่เคย","เคย","เคย","เคย","ไม่เคย","ไม่เคย","ไม่เคย","เคย","เคย","เคย","ไม่เคย","ไม่เคย","ไม่เคย","ไม่เคย","เคย","ไม่เคย","เคย","เคย","ไม่เคย","ไม่เคย","ไม่เคย","ไม่เคย","ไม่เคย","เคย","เคย","ไม่เคย","ไม่เคย","เคย","ไม่เคย","ไม่เคย","ไม่เคย","เคย","ไม่เคย","ไม่เคย","ไม่เคย","ไม่เคย","เคย","ไม่เคย","ไม่เคย","ไม่เคย","ไม่เคย","ไม่เคย","ไม่เคย","เคย","เคย","เคย",""
"2564/03/20 12:02:38 หลังเที่ยง GMT+7","ไม่เคย","เคย","ไม่เคย","ไม่เคย","ไม่เคย","ไม่เคย","ไม่เคย","ไม่เคย","ไม่เคย","ไม่เคย","ไม่เคย","ไม่เคย","ไม่เคย","เคย","ไม่เคย","ไม่เคย","เคย","ไม่เคย","ไม่เคย","ไม่เคย","ไม่เคย","ไม่เคย","ไม่เคย","ไม่เคย","เคย","ไม่เคย","ไม่เคย","เคย","ไม่เคย","ไม่เคย","ไม่เคย","เคย","เคย","ไม่เคย","เคย","ไม่เคย","ไม่เคย","ไม่เคย","ไม่เคย","ไม่เคย","ไม่เคย","ไม่เคย","ไม่เคย","ไม่เคย","ไม่เคย","ไม่เคย","เคย","ไม่เคย","ไม่เคย","ไม่เคย","ไม่เคย","ไม่เคย","ไม่เคย","ไม่เคย","ไม่เคย","ไม่เคย","ไม่เคย","ไม่เคย","เคย","เคย","เคย",""
"2564/03/20 12:02:54 หลังเที่ยง GMT+7","เคย","เคย","เคย","เคย","ไม่เคย","เคย","ไม่เคย","ไม่เคย","ไม่เคย","ไม่เคย","ไม่เคย","เคย","เคย","เคย","ไม่เคย","เคย","เคย","เคย","เคย","เคย","ไม่เคย","เคย","เคย","เคย","เคย","เคย","ไม่เคย","ไม่เคย","ไม่เคย","เคย","ไม่เคย","เคย","เคย","เคย","เคย","ไม่เคย","ไม่เคย","เคย","เคย","เคย","เคย","ไม่เคย","เคย","เคย","ไม่เคย","ไม่เคย","เคย","ไม่เคย","ไม่เคย","เคย","เคย","ไม่เคย","เคย","เคย","ไม่เคย","ไม่เคย","เคย","เคย","เคย","เคย","เคย",""
"2564/03/20 12:03:11 หลังเที่ยง GMT+7","เคย","เคย","ไม่เคย","เคย","ไม่เคย","ไม่เคย","ไม่เคย","ไม่เคย","ไม่เคย","ไม่เคย","ไม่เคย","เคย","เคย","ไม่เคย","ไม่เคย","เคย","เคย","เคย","ไม่เคย","ไม่เคย","ไม่เคย","เคย","เคย","ไม่เคย","เคย","ไม่เคย","ไม่เคย","ไม่เคย","ไม่เคย","ไม่เคย","ไม่เคย","เคย","เคย","ไม่เคย","ไม่เคย","ไม่เคย","ไม่เคย","ไม่เคย","เคย","ไม่เคย","ไม่เคย","ไม่เคย","ไม่เคย","ไม่เคย","ไม่เคย","ไม่เคย","เคย","เคย","ไม่เคย","เคย","ไม่เคย","เคย","เคย","ไม่เคย","ไม่เคย","ไม่เคย","ไม่เคย","ไม่เคย","เคย","ไม่เคย","เคย",""
"2564/03/20 12:03:21 หลังเที่ยง GMT+7","ไม่เคย","ไม่เคย","ไม่เคย","เคย","ไม่เคย","ไม่เคย","ไม่เคย","ไม่เคย","ไม่เคย","ไม่เคย","ไม่เคย","เคย","เคย","เคย","ไม่เคย","เคย","เคย","เคย","เคย","ไม่เคย","เคย","เคย","เคย","เคย","เคย","ไม่เคย","ไม่เคย","ไม่เคย","เคย","เคย","ไม่เคย","เคย","เคย","ไม่เคย","ไม่เคย","ไม่เคย","ไม่เคย","เคย","เคย","ไม่เคย","ไม่เคย","ไม่เคย","ไม่เคย","เคย","ไม่เคย","ไม่เคย","เคย","ไม่เคย","ไม่เคย","เคย","ไม่เคย","ไม่เคย","ไม่เคย","ไม่เคย","ไม่เคย","เคย","เคย","ไม่เคย","ไม่เคย","ไม่เคย","เคย",""
"2564/03/20 12:03:24 หลังเที่ยง GMT+7","ไม่เคย","เคย","ไม่เคย","เคย","ไม่เคย","ไม่เคย","ไม่เคย","ไม่เคย","ไม่เคย","เคย","ไม่เคย","เคย","ไม่เคย","ไม่เคย","ไม่เคย","เคย","เคย","เคย","ไม่เคย","เคย","เคย","ไม่เคย","ไม่เคย","เคย","เคย","ไม่เคย","ไม่เคย","เคย","เคย","เคย","ไม่เคย","เคย","เคย","ไม่เคย","เคย","ไม่เคย","ไม่เคย","เคย","เคย","ไม่เคย","ไม่เคย","ไม่เคย","ไม่เคย","เคย","ไม่เคย","ไม่เคย","เคย","ไม่เคย","ไม่เคย","เคย","ไม่เคย","เคย","ไม่เคย","ไม่เคย","ไม่เคย","ไม่เคย","เคย","ไม่เคย","เคย","ไม่เคย","เคย",""
"2564/03/20 12:03:52 หลังเที่ยง GMT+7","เคย","ไม่เคย","ไม่เคย","เคย","ไม่เคย","ไม่เคย","ไม่เคย","เคย","เคย","ไม่เคย","ไม่เคย","เคย","เคย","เคย","ไม่เคย","เคย","เคย","ไม่เคย","เคย","ไม่เคย","ไม่เคย","เคย","เคย","เคย","เคย","ไม่เคย","ไม่เคย","ไม่เคย","ไม่เคย","เคย","เคย","เคย","เคย","ไม่เคย","เคย","ไม่เคย","ไม่เคย","ไม่เคย","เคย","เคย","ไม่เคย","เคย","ไม่เคย","เคย","ไม่เคย","ไม่เคย","เคย","ไม่เคย","ไม่เคย","ไม่เคย","ไม่เคย","เคย","ไม่เคย","ไม่เคย","ไม่เคย","ไม่เคย","ไม่เคย","ไม่เคย","เคย","เคย","เคย",""
"2564/03/20 12:04:19 หลังเที่ยง GMT+7","ไม่เคย","ไม่เคย","เคย","เคย","ไม่เคย","เคย","เคย","ไม่เคย","ไม่เคย","ไม่เคย","เคย","เคย","เคย","ไม่เคย","ไม่เคย","ไม่เคย","เคย","เคย","เคย","เคย","ไม่เคย","เคย","เคย","เคย","เคย","เคย","ไม่เคย","ไม่เคย","ไม่เคย","ไม่เคย","ไม่เคย","เคย","เคย","ไม่เคย","เคย","ไม่เคย","ไม่เคย","ไม่เคย","เคย","ไม่เคย","ไม่เคย","ไม่เคย","เคย","ไม่เคย","ไม่เคย","ไม่เคย","เคย","ไม่เคย","ไม่เคย","ไม่เคย","ไม่เคย","เคย","ไม่เคย","ไม่เคย","ไม่เคย","ไม่เคย","ไม่เคย","ไม่เคย","ไม่เคย","เคย","เคย",""
"2564/04/05 4:13:52 หลังเที่ยง GMT+7","ไม่เคย","เคย","ไม่เคย","ไม่เคย","ไม่เคย","ไม่เคย","ไม่เคย","เคย","ไม่เคย","ไม่เคย","ไม่เคย","เคย","เคย","ไม่เคย","ไม่เคย","ไม่เคย","เคย","เคย","ไม่เคย","เคย","ไม่เคย","เคย","ไม่เคย","เคย","เคย","ไม่เคย","ไม่เคย","ไม่เคย","ไม่เคย","เคย","ไม่เคย","เคย","เคย","ไม่เคย","ไม่เคย","ไม่เคย","เคย","ไม่เคย","เคย","ไม่เคย","ไม่เคย","ไม่เคย","ไม่เคย","ไม่เคย","ไม่เคย","ไม่เคย","เคย","ไม่เคย","ไม่เคย","ไม่เคย","ไม่เคย","เคย","ไม่เคย","ไม่เคย","ไม่เคย","ไม่เคย","ไม่เคย","ไม่เคย","ไม่เคย","เคย","เคย",""
"2564/04/16 4:29:59 หลังเที่ยง GMT+7","ไม่เคย","เคย","ไม่เคย","ไม่เคย","ไม่เคย","ไม่เคย","ไม่เคย","เคย","เคย","เคย","เคย","เคย","เคย","เคย","ไม่เคย","ไม่เคย","เคย","เคย","เคย","ไม่เคย","ไม่เคย","ไม่เคย","เคย","เคย","เคย","เคย","ไม่เคย","ไม่เคย","ไม่เคย","เคย","ไม่เคย","เคย","เคย","ไม่เคย","เคย","ไม่เคย","ไม่เคย","ไม่เคย","เคย","เคย","เคย","เคย","ไม่เคย","เคย","ไม่เคย","เคย","เคย","ไม่เคย","ไม่เคย","เคย","เคย","ไม่เคย","ไม่เคย","ไม่เคย","เคย","เคย","เคย","เคย","เคย","เคย","เคย",""